[
  {
    "hotelName": "Studio",
    "price": 31.0
  },
  {
    "hotelName": "Phòng đôi hướng vườn",
    "price": 58.0
  },
  {
    "hotelName": "Wink Lite Twin",
    "price": 52.0
  },
  {
    "hotelName": "Phòng Hai Giường Hạng Sang",
    "price": 64.0
  },
  {
    "hotelName": "Economy Double Room",
    "price": 11.0
  },
  {
    "hotelName": "Phòng Deluxe hai giường hướng phố",
    "price": 104.0
  },
  {
    "hotelName": "Phòng King",
    "price": 33.0
  },
  {
    "hotelName": "Phòng Junior Deluxe(giường queen)",
    "price": 53.0
  },
  {
    "hotelName": "Phòng Deluxe ba giường",
    "price": 52.0
  },
  {
    "hotelName": "Phòng tiêu chuẩn",
    "price": 34.0
  }
]